plot_id,region,latitude,longitude,elevation_m,slope_deg,aspect_deg,annual_rainfall_mm,mean_temp_c,soil_moisture_index,ndvi,canopy_cover_pct,dominant_species,stand_age_years,dist_settlement_km,fires_in_past_10yr,last_fire_year,fire_risk_score,carbon_stock_tons_per_ha,drought_risk,health_status,hover_text
CAR_001,Carmel,32.7062,35.0883,496.4,7.4,346.0,579.6,18.3,0.314,0.516,54.0,Aleppo Pine,63,2.97,2,2017.0,33.3,139.0,0,healthy,<b>Region: Carmel</b><br>Health: healthy<br>Drought risk: No<br>Annual Rainfall (mm): 579.6<br>Mean Temperature (°C): 18.3<br>Carbon Stock (t/ha): 139.0
CAR_002,Carmel,32.7926,34.9633,407.5,5.8,325.9,594.9,19.7,0.334,0.523,57.4,Palestine Oak,76,5.25,2,2010.0,34.0,150.3,0,healthy,<b>Region: Carmel</b><br>Health: healthy<br>Drought risk: No<br>Annual Rainfall (mm): 594.9<br>Mean Temperature (°C): 19.7<br>Carbon Stock (t/ha): 150.3
CAR_003,Carmel,32.7598,34.9794,360.9,33.9,70.5,665.8,20.8,0.269,0.511,54.3,Aleppo Pine,59,2.3,4,2016.0,48.7,134.1,1,severe_stress,<b>Region: Carmel</b><br>Health: severe_stress<br>Drought risk: Yes<br>Annual Rainfall (mm): 665.8<br>Mean Temperature (°C): 20.8<br>Carbon Stock (t/ha): 134.1
CAR_004,Carmel,32.7398,34.9568,186.0,30.1,25.0,636.4,17.9,0.413,0.556,63.2,Kermes Oak,68,1.07,4,2010.0,42.6,120.2,0,healthy,<b>Region: Carmel</b><br>Health: healthy<br>Drought risk: No<br>Annual Rainfall (mm): 636.4<br>Mean Temperature (°C): 17.9<br>Carbon Stock (t/ha): 120.2
CAR_005,Carmel,32.6734,34.9988,377.6,25.9,36.3,593.5,19.7,0.323,0.475,65.1,Palestine Oak,74,1.47,2,2021.0,34.1,153.8,0,moderate_stress,<b>Region: Carmel</b><br>Health: moderate_stress<br>Drought risk: No<br>Annual Rainfall (mm): 593.5<br>Mean Temperature (°C): 19.7<br>Carbon Stock (t/ha): 153.8
CAR_006,Carmel,32.6734,35.0083,516.3,17.3,6.6,645.7,19.8,0.372,0.553,71.0,Aleppo Pine,70,1.46,3,2016.0,37.1,153.1,0,moderate_stress,<b>Region: Carmel</b><br>Health: moderate_stress<br>Drought risk: No<br>Annual Rainfall (mm): 645.7<br>Mean Temperature (°C): 19.8<br>Carbon Stock (t/ha): 153.1
CAR_007,Carmel,32.6587,34.9907,201.8,10.2,34.0,624.9,20.3,0.359,0.529,55.5,Aleppo Pine,65,1.64,0,,30.8,140.5,0,healthy,<b>Region: Carmel</b><br>Health: healthy<br>Drought risk: No<br>Annual Rainfall (mm): 624.9<br>Mean Temperature (°C): 20.3<br>Carbon Stock (t/ha): 140.5
CAR_008,Carmel,32.7799,35.0743,341.8,9.7,245.9,668.4,18.3,0.403,0.557,54.6,Palestine Oak,92,1.54,2,2010.0,29.5,179.8,0,healthy,<b>Region: Carmel</b><br>Health: healthy<br>Drought risk: No<br>Annual Rainfall (mm): 668.4<br>Mean Temperature (°C): 18.3<br>Carbon Stock (t/ha): 179.8
CAR_009,Carmel,32.7402,35.0035,474.6,12.5,25.6,584.9,18.2,0.324,0.537,61.6,Kermes Oak,82,5.31,1,2017.0,35.8,116.0,0,healthy,<b>Region: Carmel</b><br>Health: healthy<br>Drought risk: No<br>Annual Rainfall (mm): 584.9<br>Mean Temperature (°C): 18.2<br>Carbon Stock (t/ha): 116.0
CAR_010,Carmel,32.7562,34.9921,424.1,21.5,114.8,603.6,20.0,0.341,0.418,69.3,Kermes Oak,58,1.86,5,2010.0,47.1,92.5,1,severe_stress,<b>Region: Carmel</b><br>Health: severe_stress<br>Drought risk: Yes<br>Annual Rainfall (mm): 603.6<br>Mean Temperature (°C): 20.0<br>Carbon Stock (t/ha): 92.5
CAR_011,Carmel,32.6531,35.0314,407.9,26.4,304.2,600.4,19.8,0.354,0.49,74.2,Kermes Oak,43,3.09,1,2010.0,45.3,116.9,1,moderate_stress,<b>Region: Carmel</b><br>Health: moderate_stress<br>Drought risk: Yes<br>Annual Rainfall (mm): 600.4<br>Mean Temperature (°C): 19.8<br>Carbon Stock (t/ha): 116.9
CAR_012,Carmel,32.7955,34.9711,409.9,24.8,8.4,546.8,19.8,0.355,0.52,80.1,Aleppo Pine,71,7.23,2,2024.0,42.6,140.7,1,severe_stress,<b>Region: Carmel</b><br>Health: severe_stress<br>Drought risk: Yes<br>Annual Rainfall (mm): 546.8<br>Mean Temperature (°C): 19.8<br>Carbon Stock (t/ha): 140.7
CAR_013,Carmel,32.7749,35.0703,283.0,13.4,293.2,634.8,19.8,0.382,0.535,67.9,Aleppo Pine,63,4.05,3,2010.0,45.0,136.9,0,healthy,<b>Region: Carmel</b><br>Health: healthy<br>Drought risk: No<br>Annual Rainfall (mm): 634.8<br>Mean Temperature (°C): 19.8<br>Carbon Stock (t/ha): 136.9
CAR_014,Carmel,32.6819,34.9612,258.6,33.6,101.5,633.1,18.8,0.329,0.541,75.0,Aleppo Pine,90,5.51,3,2015.0,42.8,144.2,0,moderate_stress,<b>Region: Carmel</b><br>Health: moderate_stress<br>Drought risk: No<br>Annual Rainfall (mm): 633.1<br>Mean Temperature (°C): 18.8<br>Carbon Stock (t/ha): 144.2
CAR_015,Carmel,32.6773,35.098,449.5,27.1,42.5,620.3,19.7,0.316,0.54,76.3,Aleppo Pine,77,1.79,4,2022.0,48.1,154.2,1,severe_stress,<b>Region: Carmel</b><br>Health: severe_stress<br>Drought risk: Yes<br>Annual Rainfall (mm): 620.3<br>Mean Temperature (°C): 19.7<br>Carbon Stock (t/ha): 154.2
CAR_016,Carmel,32.6775,35.0658,449.7,21.6,250.8,608.3,19.8,0.384,0.604,67.3,Kermes Oak,73,1.94,1,2010.0,44.5,113.2,0,healthy,<b>Region: Carmel</b><br>Health: healthy<br>Drought risk: No<br>Annual Rainfall (mm): 608.3<br>Mean Temperature (°C): 19.8<br>Carbon Stock (t/ha): 113.2
CAR_017,Carmel,32.6956,34.9798,470.8,23.4,226.4,549.2,18.8,0.258,0.525,69.8,Palestine Oak,60,0.81,1,2016.0,35.3,140.5,0,moderate_stress,<b>Region: Carmel</b><br>Health: moderate_stress<br>Drought risk: No<br>Annual Rainfall (mm): 549.2<br>Mean Temperature (°C): 18.8<br>Carbon Stock (t/ha): 140.5
CAR_018,Carmel,32.7287,34.9508,487.9,17.6,315.9,599.0,21.4,0.381,0.52,72.3,Aleppo Pine,44,1.77,8,2017.0,60.9,118.8,1,severe_stress,<b>Region: Carmel</b><br>Health: severe_stress<br>Drought risk: Yes<br>Annual Rainfall (mm): 599.0<br>Mean Temperature (°C): 21.4<br>Carbon Stock (t/ha): 118.8
CAR_019,Carmel,32.7148,35.0723,339.2,12.4,264.6,602.9,20.0,0.324,0.454,56.4,Aleppo Pine,56,2.59,2,2019.0,34.9,132.4,1,severe_stress,<b>Region: Carmel</b><br>Health: severe_stress<br>Drought risk: Yes<br>Annual Rainfall (mm): 602.9<br>Mean Temperature (°C): 20.0<br>Carbon Stock (t/ha): 132.4
CAR_020,Carmel,32.6937,35.056,335.6,15.7,289.3,579.9,18.3,0.338,0.464,77.1,Kermes Oak,68,1.83,3,2025.0,37.7,114.5,1,severe_stress,<b>Region: Carmel</b><br>Health: severe_stress<br>Drought risk: Yes<br>Annual Rainfall (mm): 579.9<br>Mean Temperature (°C): 18.3<br>Carbon Stock (t/ha): 114.5
CAR_021,Carmel,32.7418,35.0594,445.4,27.7,101.5,611.9,20.2,0.311,0.549,68.3,Palestine Oak,28,1.17,9,2022.0,56.7,113.9,1,severe_stress,<b>Region: Carmel</b><br>Health: severe_stress<br>Drought risk: Yes<br>Annual Rainfall (mm): 611.9<br>Mean Temperature (°C): 20.2<br>Carbon Stock (t/ha): 113.9
CAR_022,Carmel,32.6709,35.0657,390.5,5.4,63.9,640.2,18.5,0.347,0.581,71.1,Palestine Oak,82,1.4,2,2024.0,32.4,176.6,0,healthy,<b>Region: Carmel</b><br>Health: healthy<br>Drought risk: No<br>Annual Rainfall (mm): 640.2<br>Mean Temperature (°C): 18.5<br>Carbon Stock (t/ha): 176.6
CAR_023,Carmel,32.6938,34.9611,409.7,8.5,270.2,714.3,20.3,0.399,0.618,65.4,Kermes Oak,97,3.96,3,2021.0,35.3,152.1,0,healthy,<b>Region: Carmel</b><br>Health: healthy<br>Drought risk: No<br>Annual Rainfall (mm): 714.3<br>Mean Temperature (°C): 20.3<br>Carbon Stock (t/ha): 152.1
CAR_024,Carmel,32.705,35.0038,444.4,6.4,290.5,628.7,20.7,0.363,0.497,59.9,Kermes Oak,24,2.05,6,2010.0,51.5,114.1,1,severe_stress,<b>Region: Carmel</b><br>Health: severe_stress<br>Drought risk: Yes<br>Annual Rainfall (mm): 628.7<br>Mean Temperature (°C): 20.7<br>Carbon Stock (t/ha): 114.1
CAR_025,Carmel,32.7184,34.9674,479.3,6.2,356.6,632.9,18.7,0.364,0.521,49.8,Palestine Oak,34,3.23,1,2021.0,34.6,124.3,0,healthy,<b>Region: Carmel</b><br>Health: healthy<br>Drought risk: No<br>Annual Rainfall (mm): 632.9<br>Mean Temperature (°C): 18.7<br>Carbon Stock (t/ha): 124.3
CAR_026,Carmel,32.7678,35.0795,275.1,30.7,148.5,616.3,20.5,0.338,0.54,68.6,Aleppo Pine,64,4.28,4,2022.0,46.2,126.7,0,moderate_stress,<b>Region: Carmel</b><br>Health: moderate_stress<br>Drought risk: No<br>Annual Rainfall (mm): 616.3<br>Mean Temperature (°C): 20.5<br>Carbon Stock (t/ha): 126.7
CAR_027,Carmel,32.68,35.0435,289.0,26.1,133.9,524.1,19.9,0.268,0.602,90.4,Palestine Oak,49,5.68,3,2010.0,48.3,145.5,1,severe_stress,<b>Region: Carmel</b><br>Health: severe_stress<br>Drought risk: Yes<br>Annual Rainfall (mm): 524.1<br>Mean Temperature (°C): 19.9<br>Carbon Stock (t/ha): 145.5
CAR_028,Carmel,32.7271,34.9996,184.8,19.2,279.5,618.7,20.3,0.306,0.53,59.5,Kermes Oak,64,0.79,3,2018.0,42.0,127.4,1,severe_stress,<b>Region: Carmel</b><br>Health: severe_stress<br>Drought risk: Yes<br>Annual Rainfall (mm): 618.7<br>Mean Temperature (°C): 20.3<br>Carbon Stock (t/ha): 127.4
CAR_029,Carmel,32.7389,34.9595,364.0,7.9,122.7,623.0,21.4,0.319,0.597,94.9,Aleppo Pine,58,6.5,5,2010.0,47.9,112.5,1,severe_stress,<b>Region: Carmel</b><br>Health: severe_stress<br>Drought risk: Yes<br>Annual Rainfall (mm): 623.0<br>Mean Temperature (°C): 21.4<br>Carbon Stock (t/ha): 112.5
CAR_030,Carmel,32.657,34.9966,163.3,19.7,335.1,743.2,19.3,0.382,0.556,81.6,Aleppo Pine,41,5.21,2,2010.0,42.1,147.8,0,healthy,<b>Region: Carmel</b><br>Health: healthy<br>Drought risk: No<br>Annual Rainfall (mm): 743.2<br>Mean Temperature (°C): 19.3<br>Carbon Stock (t/ha): 147.8
CAR_031,Carmel,32.7411,34.9988,322.3,19.2,309.0,610.4,18.7,0.344,0.582,66.4,Kermes Oak,83,1.11,6,2016.0,53.1,111.2,0,healthy,<b>Region: Carmel</b><br>Health: healthy<br>Drought risk: No<br>Annual Rainfall (mm): 610.4<br>Mean Temperature (°C): 18.7<br>Carbon Stock (t/ha): 111.2
CAR_032,Carmel,32.6756,35.0594,350.8,10.2,154.4,635.1,18.6,0.382,0.584,70.8,Kermes Oak,68,7.05,0,,18.8,143.3,0,healthy,<b>Region: Carmel</b><br>Health: healthy<br>Drought risk: No<br>Annual Rainfall (mm): 635.1<br>Mean Temperature (°C): 18.6<br>Carbon Stock (t/ha): 143.3
CAR_033,Carmel,32.6598,35.0456,256.0,18.0,270.3,618.3,18.7,0.36,0.54,67.1,Kermes Oak,49,7.41,3,2024.0,36.4,123.5,0,moderate_stress,<b>Region: Carmel</b><br>Health: moderate_stress<br>Drought risk: No<br>Annual Rainfall (mm): 618.3<br>Mean Temperature (°C): 18.7<br>Carbon Stock (t/ha): 123.5
CAR_034,Carmel,32.7923,35.0831,368.6,17.0,271.6,561.6,19.4,0.331,0.477,78.1,Palestine Oak,87,0.96,1,2016.0,31.2,169.0,0,moderate_stress,<b>Region: Carmel</b><br>Health: moderate_stress<br>Drought risk: No<br>Annual Rainfall (mm): 561.6<br>Mean Temperature (°C): 19.4<br>Carbon Stock (t/ha): 169.0
CAR_035,Carmel,32.7948,35.0208,161.3,23.5,37.1,677.1,19.8,0.429,0.537,72.8,Palestine Oak,50,2.58,2,2021.0,35.5,142.0,0,healthy,<b>Region: Carmel</b><br>Health: healthy<br>Drought risk: No<br>Annual Rainfall (mm): 677.1<br>Mean Temperature (°C): 19.8<br>Carbon Stock (t/ha): 142.0
CAR_036,Carmel,32.7713,34.9679,163.8,24.1,324.9,657.6,19.8,0.36,0.604,81.2,Aleppo Pine,37,6.55,4,2017.0,42.7,125.3,0,moderate_stress,<b>Region: Carmel</b><br>Health: moderate_stress<br>Drought risk: No<br>Annual Rainfall (mm): 657.6<br>Mean Temperature (°C): 19.8<br>Carbon Stock (t/ha): 125.3
CAR_037,Carmel,32.6957,35.057,454.4,6.4,181.9,659.6,20.3,0.329,0.572,73.0,Kermes Oak,63,6.11,4,2010.0,43.9,112.0,1,moderate_stress,<b>Region: Carmel</b><br>Health: moderate_stress<br>Drought risk: Yes<br>Annual Rainfall (mm): 659.6<br>Mean Temperature (°C): 20.3<br>Carbon Stock (t/ha): 112.0
CAR_038,Carmel,32.6647,35.0641,283.3,16.2,297.5,574.5,19.5,0.396,0.514,65.6,Aleppo Pine,66,1.88,1,2016.0,31.4,121.6,0,healthy,<b>Region: Carmel</b><br>Health: healthy<br>Drought risk: No<br>Annual Rainfall (mm): 574.5<br>Mean Temperature (°C): 19.5<br>Carbon Stock (t/ha): 121.6
CAR_039,Carmel,32.7526,35.0342,197.0,23.8,115.2,690.1,21.0,0.389,0.529,71.0,Aleppo Pine,69,2.07,1,2025.0,35.3,159.4,0,healthy,<b>Region: Carmel</b><br>Health: healthy<br>Drought risk: No<br>Annual Rainfall (mm): 690.1<br>Mean Temperature (°C): 21.0<br>Carbon Stock (t/ha): 159.4
CAR_040,Carmel,32.716,35.0656,343.2,20.1,322.4,549.9,19.2,0.391,0.453,59.9,Aleppo Pine,72,3.28,5,2021.0,49.1,103.4,1,moderate_stress,<b>Region: Carmel</b><br>Health: moderate_stress<br>Drought risk: Yes<br>Annual Rainfall (mm): 549.9<br>Mean Temperature (°C): 19.2<br>Carbon Stock (t/ha): 103.4
CAR_041,Carmel,32.6683,35.0241,434.9,30.7,140.1,649.3,22.2,0.328,0.596,59.7,Aleppo Pine,69,4.13,3,2010.0,49.1,158.9,0,moderate_stress,<b>Region: Carmel</b><br>Health: moderate_stress<br>Drought risk: No<br>Annual Rainfall (mm): 649.3<br>Mean Temperature (°C): 22.2<br>Carbon Stock (t/ha): 158.9
CAR_042,Carmel,32.7243,35.0284,229.9,24.8,3.9,729.5,20.1,0.393,0.589,78.2,Kermes Oak,68,5.14,1,2017.0,33.1,152.5,0,healthy,<b>Region: Carmel</b><br>Health: healthy<br>Drought risk: No<br>Annual Rainfall (mm): 729.5<br>Mean Temperature (°C): 20.1<br>Carbon Stock (t/ha): 152.5
CAR_043,Carmel,32.6552,35.0141,380.5,9.9,325.9,570.5,18.6,0.284,0.51,54.2,Aleppo Pine,49,3.27,4,2025.0,38.4,111.3,0,moderate_stress,<b>Region: Carmel</b><br>Health: moderate_stress<br>Drought risk: No<br>Annual Rainfall (mm): 570.5<br>Mean Temperature (°C): 18.6<br>Carbon Stock (t/ha): 111.3
CAR_044,Carmel,32.7864,34.9538,181.6,7.1,32.9,591.7,18.4,0.367,0.54,65.8,Kermes Oak,47,3.97,2,2021.0,36.2,111.5,0,healthy,<b>Region: Carmel</b><br>Health: healthy<br>Drought risk: No<br>Annual Rainfall (mm): 591.7<br>Mean Temperature (°C): 18.4<br>Carbon Stock (t/ha): 111.5
CAR_045,Carmel,32.6888,34.9662,169.1,24.3,115.0,625.0,20.0,0.333,0.432,59.3,Kermes Oak,73,6.11,3,2018.0,41.9,108.8,0,moderate_stress,<b>Region: Carmel</b><br>Health: moderate_stress<br>Drought risk: No<br>Annual Rainfall (mm): 625.0<br>Mean Temperature (°C): 20.0<br>Carbon Stock (t/ha): 108.8
CAR_046,Carmel,32.7494,34.9547,346.6,5.8,342.0,594.8,19.3,0.289,0.498,71.0,Palestine Oak,64,0.78,0,,28.7,169.3,0,moderate_stress,<b>Region: Carmel</b><br>Health: moderate_stress<br>Drought risk: No<br>Annual Rainfall (mm): 594.8<br>Mean Temperature (°C): 19.3<br>Carbon Stock (t/ha): 169.3
CAR_047,Carmel,32.6968,35.0455,350.0,22.6,342.2,542.5,20.2,0.357,0.585,82.2,Kermes Oak,74,2.39,1,2019.0,37.4,135.8,0,healthy,<b>Region: Carmel</b><br>Health: healthy<br>Drought risk: No<br>Annual Rainfall (mm): 542.5<br>Mean Temperature (°C): 20.2<br>Carbon Stock (t/ha): 135.8
CAR_048,Carmel,32.728,34.9972,385.8,33.2,206.4,623.4,20.0,0.275,0.565,79.1,Palestine Oak,29,5.85,1,2023.0,49.2,153.3,0,moderate_stress,<b>Region: Carmel</b><br>Health: moderate_stress<br>Drought risk: No<br>Annual Rainfall (mm): 623.4<br>Mean Temperature (°C): 20.0<br>Carbon Stock (t/ha): 153.3
CAR_049,Carmel,32.732,35.0263,418.7,22.3,227.5,566.9,19.4,0.263,0.528,72.4,Kermes Oak,50,7.21,1,2010.0,33.4,115.8,0,moderate_stress,<b>Region: Carmel</b><br>Health: moderate_stress<br>Drought risk: No<br>Annual Rainfall (mm): 566.9<br>Mean Temperature (°C): 19.4<br>Carbon Stock (t/ha): 115.8
CAR_050,Carmel,32.6777,35.0861,511.1,16.6,161.4,643.7,18.7,0.362,0.535,63.1,Kermes Oak,94,4.34,5,2023.0,53.5,112.9,0,moderate_stress,<b>Region: Carmel</b><br>Health: moderate_stress<br>Drought risk: No<br>Annual Rainfall (mm): 643.7<br>Mean Temperature (°C): 18.7<br>Carbon Stock (t/ha): 112.9
CAR_051,Carmel,32.7954,34.9874,341.0,24.3,105.6,574.0,18.0,0.358,0.564,67.5,Kermes Oak,69,4.49,9,2024.0,62.3,102.6,1,severe_stress,<b>Region: Carmel</b><br>Health: severe_stress<br>Drought risk: Yes<br>Annual Rainfall (mm): 574.0<br>Mean Temperature (°C): 18.0<br>Carbon Stock (t/ha): 102.6
CAR_052,Carmel,32.7663,35.0116,269.5,18.7,118.3,697.5,19.1,0.392,0.533,66.0,Palestine Oak,65,1.3,0,,38.9,172.5,0,healthy,<b>Region: Carmel</b><br>Health: healthy<br>Drought risk: No<br>Annual Rainfall (mm): 697.5<br>Mean Temperature (°C): 19.1<br>Carbon Stock (t/ha): 172.5
CAR_053,Carmel,32.7909,35.0633,444.2,21.4,242.1,580.8,20.4,0.354,0.453,59.7,Palestine Oak,72,3.86,1,2021.0,31.0,143.1,1,severe_stress,<b>Region: Carmel</b><br>Health: severe_stress<br>Drought risk: Yes<br>Annual Rainfall (mm): 580.8<br>Mean Temperature (°C): 20.4<br>Carbon Stock (t/ha): 143.1
CAR_054,Carmel,32.7842,34.9843,250.2,33.2,270.9,603.9,19.7,0.387,0.535,64.6,Aleppo Pine,99,4.49,4,2010.0,43.3,142.3,0,moderate_stress,<b>Region: Carmel</b><br>Health: moderate_stress<br>Drought risk: No<br>Annual Rainfall (mm): 603.9<br>Mean Temperature (°C): 19.7<br>Carbon Stock (t/ha): 142.3
CAR_055,Carmel,32.7397,34.9615,312.4,16.6,285.0,660.7,18.3,0.379,0.558,66.1,Palestine Oak,95,2.32,1,2019.0,29.9,175.8,0,healthy,<b>Region: Carmel</b><br>Health: healthy<br>Drought risk: No<br>Annual Rainfall (mm): 660.7<br>Mean Temperature (°C): 18.3<br>Carbon Stock (t/ha): 175.8
UPP_001,Upper Galilee,32.9118,35.4514,576.5,18.7,242.7,887.1,17.7,0.412,0.61,58.9,Tabor Oak,96,1.14,0,,27.8,191.2,1,severe_stress,<b>Region: Upper Galilee</b><br>Health: severe_stress<br>Drought risk: Yes<br>Annual Rainfall (mm): 887.1<br>Mean Temperature (°C): 17.7<br>Carbon Stock (t/ha): 191.2
UPP_002,Upper Galilee,33.0582,35.3892,617.6,26.6,191.7,883.6,18.1,0.422,0.638,71.9,Tabor Oak,88,11.92,0,,25.2,200.0,1,moderate_stress,<b>Region: Upper Galilee</b><br>Health: moderate_stress<br>Drought risk: Yes<br>Annual Rainfall (mm): 883.6<br>Mean Temperature (°C): 18.1<br>Carbon Stock (t/ha): 200.0
UPP_003,Upper Galilee,33.1425,35.4334,934.6,10.8,259.7,895.6,16.6,0.439,0.695,84.4,Palestine Oak,88,8.39,0,,25.0,200.0,0,healthy,<b>Region: Upper Galilee</b><br>Health: healthy<br>Drought risk: No<br>Annual Rainfall (mm): 895.6<br>Mean Temperature (°C): 16.6<br>Carbon Stock (t/ha): 200.0
UPP_004,Upper Galilee,33.1391,35.4954,736.4,38.8,50.9,867.8,17.6,0.481,0.608,75.5,Palestine Oak,42,4.49,0,,26.3,187.8,0,moderate_stress,<b>Region: Upper Galilee</b><br>Health: moderate_stress<br>Drought risk: No<br>Annual Rainfall (mm): 867.8<br>Mean Temperature (°C): 17.6<br>Carbon Stock (t/ha): 187.8
UPP_005,Upper Galilee,33.2172,35.4763,767.7,28.3,76.3,826.6,16.3,0.5,0.559,69.8,Palestine Oak,66,10.67,0,,12.5,179.8,0,healthy,<b>Region: Upper Galilee</b><br>Health: healthy<br>Drought risk: No<br>Annual Rainfall (mm): 826.6<br>Mean Temperature (°C): 16.3<br>Carbon Stock (t/ha): 179.8
UPP_006,Upper Galilee,33.162,35.4116,589.2,32.2,294.7,866.3,15.1,0.416,0.651,77.3,Palestine Oak,79,3.84,0,,31.5,195.8,0,healthy,<b>Region: Upper Galilee</b><br>Health: healthy<br>Drought risk: No<br>Annual Rainfall (mm): 866.3<br>Mean Temperature (°C): 15.1<br>Carbon Stock (t/ha): 195.8
UPP_007,Upper Galilee,33.2969,35.5161,656.1,13.5,116.1,917.7,18.3,0.476,0.64,72.3,Palestine Oak,75,6.98,0,,33.2,200.0,0,healthy,<b>Region: Upper Galilee</b><br>Health: healthy<br>Drought risk: No<br>Annual Rainfall (mm): 917.7<br>Mean Temperature (°C): 18.3<br>Carbon Stock (t/ha): 200.0
UPP_008,Upper Galilee,33.0135,35.4395,615.1,21.1,8.2,925.5,16.4,0.44,0.686,63.0,Tabor Oak,61,8.0,0,,17.4,172.0,0,moderate_stress,<b>Region: Upper Galilee</b><br>Health: moderate_stress<br>Drought risk: No<br>Annual Rainfall (mm): 925.5<br>Mean Temperature (°C): 16.4<br>Carbon Stock (t/ha): 172.0
UPP_009,Upper Galilee,33.0437,35.435,603.1,21.5,55.4,1000.0,14.8,0.464,0.652,83.9,Palestine Oak,83,3.43,0,,31.9,200.0,0,healthy,<b>Region: Upper Galilee</b><br>Health: healthy<br>Drought risk: No<br>Annual Rainfall (mm): 1000.0<br>Mean Temperature (°C): 14.8<br>Carbon Stock (t/ha): 200.0
UPP_010,Upper Galilee,33.0535,35.3085,819.0,34.3,80.5,760.9,15.9,0.452,0.607,81.5,Palestine Oak,43,11.76,0,,25.3,161.0,0,moderate_stress,<b>Region: Upper Galilee</b><br>Health: moderate_stress<br>Drought risk: No<br>Annual Rainfall (mm): 760.9<br>Mean Temperature (°C): 15.9<br>Carbon Stock (t/ha): 161.0
UPP_011,Upper Galilee,33.0863,35.5467,628.4,8.0,344.6,810.4,16.0,0.409,0.627,68.6,Tabor Oak,54,9.23,0,,29.2,183.4,0,moderate_stress,<b>Region: Upper Galilee</b><br>Health: moderate_stress<br>Drought risk: No<br>Annual Rainfall (mm): 810.4<br>Mean Temperature (°C): 16.0<br>Carbon Stock (t/ha): 183.4
UPP_012,Upper Galilee,33.2344,35.3307,816.0,17.6,206.3,704.8,17.1,0.435,0.667,74.2,Palestine Oak,44,7.14,0,,27.4,184.4,1,severe_stress,<b>Region: Upper Galilee</b><br>Health: severe_stress<br>Drought risk: Yes<br>Annual Rainfall (mm): 704.8<br>Mean Temperature (°C): 17.1<br>Carbon Stock (t/ha): 184.4
UPP_013,Upper Galilee,32.9943,35.3578,529.2,39.4,335.8,933.8,19.3,0.478,0.676,76.2,Tabor Oak,74,2.99,1,2016.0,37.5,189.0,1,moderate_stress,<b>Region: Upper Galilee</b><br>Health: moderate_stress<br>Drought risk: Yes<br>Annual Rainfall (mm): 933.8<br>Mean Temperature (°C): 19.3<br>Carbon Stock (t/ha): 189.0
UPP_014,Upper Galilee,33.2104,35.3129,570.9,23.2,207.1,819.9,17.1,0.426,0.536,72.8,Tabor Oak,49,1.59,0,,29.6,173.9,1,severe_stress,<b>Region: Upper Galilee</b><br>Health: severe_stress<br>Drought risk: Yes<br>Annual Rainfall (mm): 819.9<br>Mean Temperature (°C): 17.1<br>Carbon Stock (t/ha): 173.9
UPP_015,Upper Galilee,33.0621,35.46,637.3,20.2,172.6,868.6,16.7,0.499,0.657,90.0,Aleppo Pine,56,4.52,0,,24.2,182.3,0,healthy,<b>Region: Upper Galilee</b><br>Health: healthy<br>Drought risk: No<br>Annual Rainfall (mm): 868.6<br>Mean Temperature (°C): 16.7<br>Carbon Stock (t/ha): 182.3
UPP_016,Upper Galilee,33.1407,35.3562,798.5,11.8,112.9,795.6,19.4,0.38,0.633,83.9,Aleppo Pine,71,9.29,0,,37.5,179.3,1,severe_stress,<b>Region: Upper Galilee</b><br>Health: severe_stress<br>Drought risk: Yes<br>Annual Rainfall (mm): 795.6<br>Mean Temperature (°C): 19.4<br>Carbon Stock (t/ha): 179.3
UPP_017,Upper Galilee,33.153,35.345,837.9,39.2,218.3,820.6,17.7,0.485,0.642,72.3,Aleppo Pine,72,3.96,0,,24.3,171.8,1,severe_stress,<b>Region: Upper Galilee</b><br>Health: severe_stress<br>Drought risk: Yes<br>Annual Rainfall (mm): 820.6<br>Mean Temperature (°C): 17.7<br>Carbon Stock (t/ha): 171.8
UPP_018,Upper Galilee,33.0491,35.3221,721.4,8.6,50.1,960.1,16.8,0.402,0.619,79.9,Aleppo Pine,43,6.94,0,,24.5,177.5,0,moderate_stress,<b>Region: Upper Galilee</b><br>Health: moderate_stress<br>Drought risk: No<br>Annual Rainfall (mm): 960.1<br>Mean Temperature (°C): 16.8<br>Carbon Stock (t/ha): 177.5
UPP_019,Upper Galilee,33.105,35.3258,722.9,31.6,323.4,912.5,15.9,0.56,0.711,89.7,Palestine Oak,79,9.01,0,,29.0,200.0,0,healthy,<b>Region: Upper Galilee</b><br>Health: healthy<br>Drought risk: No<br>Annual Rainfall (mm): 912.5<br>Mean Temperature (°C): 15.9<br>Carbon Stock (t/ha): 200.0
UPP_020,Upper Galilee,33.0652,35.4462,862.3,32.6,298.6,840.0,16.9,0.432,0.686,81.0,Aleppo Pine,68,2.19,0,,29.0,175.7,0,moderate_stress,<b>Region: Upper Galilee</b><br>Health: moderate_stress<br>Drought risk: No<br>Annual Rainfall (mm): 840.0<br>Mean Temperature (°C): 16.9<br>Carbon Stock (t/ha): 175.7
UPP_021,Upper Galilee,32.9277,35.4721,507.9,15.8,114.3,919.1,16.4,0.424,0.555,71.9,Tabor Oak,40,8.54,0,,27.8,170.7,0,moderate_stress,<b>Region: Upper Galilee</b><br>Health: moderate_stress<br>Drought risk: No<br>Annual Rainfall (mm): 919.1<br>Mean Temperature (°C): 16.4<br>Carbon Stock (t/ha): 170.7
UPP_022,Upper Galilee,33.0749,35.3993,670.5,29.5,343.0,921.1,16.6,0.456,0.616,78.6,Palestine Oak,36,2.01,0,,35.7,180.8,0,healthy,<b>Region: Upper Galilee</b><br>Health: healthy<br>Drought risk: No<br>Annual Rainfall (mm): 921.1<br>Mean Temperature (°C): 16.6<br>Carbon Stock (t/ha): 180.8
UPP_023,Upper Galilee,32.939,35.42,909.4,11.0,297.1,814.8,18.1,0.398,0.623,68.7,Aleppo Pine,59,11.62,0,,31.2,162.1,1,severe_stress,<b>Region: Upper Galilee</b><br>Health: severe_stress<br>Drought risk: Yes<br>Annual Rainfall (mm): 814.8<br>Mean Temperature (°C): 18.1<br>Carbon Stock (t/ha): 162.1
UPP_024,Upper Galilee,33.062,35.4715,801.6,16.2,239.9,717.8,15.9,0.44,0.663,70.9,Tabor Oak,75,6.37,0,,15.1,183.3,0,moderate_stress,<b>Region: Upper Galilee</b><br>Health: moderate_stress<br>Drought risk: No<br>Annual Rainfall (mm): 717.8<br>Mean Temperature (°C): 15.9<br>Carbon Stock (t/ha): 183.3
UPP_025,Upper Galilee,33.1372,35.3043,668.6,33.2,43.8,769.1,17.1,0.479,0.638,66.1,Palestine Oak,75,2.66,0,,28.6,200.0,0,healthy,<b>Region: Upper Galilee</b><br>Health: healthy<br>Drought risk: No<br>Annual Rainfall (mm): 769.1<br>Mean Temperature (°C): 17.1<br>Carbon Stock (t/ha): 200.0
UPP_026,Upper Galilee,33.1318,35.3808,952.8,35.7,172.2,729.4,17.6,0.385,0.591,74.3,Palestine Oak,66,4.77,0,,36.3,183.8,1,severe_stress,<b>Region: Upper Galilee</b><br>Health: severe_stress<br>Drought risk: Yes<br>Annual Rainfall (mm): 729.4<br>Mean Temperature (°C): 17.6<br>Carbon Stock (t/ha): 183.8
UPP_027,Upper Galilee,33.165,35.5433,886.3,27.5,182.2,954.8,15.7,0.495,0.686,77.8,Aleppo Pine,60,5.55,0,,19.5,186.3,0,healthy,<b>Region: Upper Galilee</b><br>Health: healthy<br>Drought risk: No<br>Annual Rainfall (mm): 954.8<br>Mean Temperature (°C): 15.7<br>Carbon Stock (t/ha): 186.3
UPP_028,Upper Galilee,32.9381,35.445,632.4,24.2,83.7,970.4,15.5,0.425,0.64,70.1,Palestine Oak,69,9.34,0,,28.0,200.0,0,healthy,<b>Region: Upper Galilee</b><br>Health: healthy<br>Drought risk: No<br>Annual Rainfall (mm): 970.4<br>Mean Temperature (°C): 15.5<br>Carbon Stock (t/ha): 200.0
UPP_029,Upper Galilee,33.1608,35.3636,822.6,13.1,28.8,992.8,16.3,0.516,0.659,76.6,Tabor Oak,44,9.18,0,,26.4,200.0,0,healthy,<b>Region: Upper Galilee</b><br>Health: healthy<br>Drought risk: No<br>Annual Rainfall (mm): 992.8<br>Mean Temperature (°C): 16.3<br>Carbon Stock (t/ha): 200.0
UPP_030,Upper Galilee,33.0249,35.4304,797.9,10.0,279.6,668.2,15.9,0.431,0.618,76.3,Palestine Oak,90,7.73,0,,18.0,171.0,0,moderate_stress,<b>Region: Upper Galilee</b><br>Health: moderate_stress<br>Drought risk: No<br>Annual Rainfall (mm): 668.2<br>Mean Temperature (°C): 15.9<br>Carbon Stock (t/ha): 171.0
UPP_031,Upper Galilee,33.0596,35.3857,700.6,11.8,43.9,946.4,17.9,0.5,0.68,93.8,Tabor Oak,90,2.17,0,,34.6,200.0,0,healthy,<b>Region: Upper Galilee</b><br>Health: healthy<br>Drought risk: No<br>Annual Rainfall (mm): 946.4<br>Mean Temperature (°C): 17.9<br>Carbon Stock (t/ha): 200.0
UPP_032,Upper Galilee,33.2432,35.4331,683.5,15.3,213.9,1000.0,15.3,0.482,0.647,85.5,Palestine Oak,67,2.67,0,,26.9,200.0,0,healthy,<b>Region: Upper Galilee</b><br>Health: healthy<br>Drought risk: No<br>Annual Rainfall (mm): 1000.0<br>Mean Temperature (°C): 15.3<br>Carbon Stock (t/ha): 200.0
UPP_033,Upper Galilee,32.9036,35.3314,671.8,18.9,337.1,950.1,16.6,0.454,0.678,60.1,Aleppo Pine,63,2.03,0,,29.2,171.4,0,healthy,<b>Region: Upper Galilee</b><br>Health: healthy<br>Drought risk: No<br>Annual Rainfall (mm): 950.1<br>Mean Temperature (°C): 16.6<br>Carbon Stock (t/ha): 171.4
UPP_034,Upper Galilee,33.1354,35.3332,808.6,20.2,315.4,656.4,19.6,0.425,0.614,74.2,Tabor Oak,52,7.35,0,,25.8,171.0,1,severe_stress,<b>Region: Upper Galilee</b><br>Health: severe_stress<br>Drought risk: Yes<br>Annual Rainfall (mm): 656.4<br>Mean Temperature (°C): 19.6<br>Carbon Stock (t/ha): 171.0
UPP_035,Upper Galilee,33.1395,35.3359,721.2,19.1,100.0,1000.0,17.0,0.432,0.61,86.9,Palestine Oak,69,10.65,0,,27.7,200.0,0,moderate_stress,<b>Region: Upper Galilee</b><br>Health: moderate_stress<br>Drought risk: No<br>Annual Rainfall (mm): 1000.0<br>Mean Temperature (°C): 17.0<br>Carbon Stock (t/ha): 200.0
UPP_036,Upper Galilee,33.0587,35.535,915.9,15.6,306.5,853.8,17.2,0.386,0.629,64.3,Palestine Oak,47,5.77,0,,18.4,200.0,1,severe_stress,<b>Region: Upper Galilee</b><br>Health: severe_stress<br>Drought risk: Yes<br>Annual Rainfall (mm): 853.8<br>Mean Temperature (°C): 17.2<br>Carbon Stock (t/ha): 200.0
UPP_037,Upper Galilee,32.9948,35.4832,834.8,24.3,0.1,829.1,17.9,0.439,0.596,77.5,Palestine Oak,19,2.77,0,,18.4,159.0,1,severe_stress,<b>Region: Upper Galilee</b><br>Health: severe_stress<br>Drought risk: Yes<br>Annual Rainfall (mm): 829.1<br>Mean Temperature (°C): 17.9<br>Carbon Stock (t/ha): 159.0
UPP_038,Upper Galilee,32.9939,35.3406,535.0,34.4,6.4,890.6,15.9,0.447,0.645,74.3,Tabor Oak,11,7.14,0,,27.7,179.0,0,moderate_stress,<b>Region: Upper Galilee</b><br>Health: moderate_stress<br>Drought risk: No<br>Annual Rainfall (mm): 890.6<br>Mean Temperature (°C): 15.9<br>Carbon Stock (t/ha): 179.0
UPP_039,Upper Galilee,33.2535,35.3471,820.1,17.0,216.9,755.6,15.2,0.457,0.665,85.0,Tabor Oak,45,9.93,0,,29.8,192.2,0,healthy,<b>Region: Upper Galilee</b><br>Health: healthy<br>Drought risk: No<br>Annual Rainfall (mm): 755.6<br>Mean Temperature (°C): 15.2<br>Carbon Stock (t/ha): 192.2
UPP_040,Upper Galilee,33.0768,35.4827,635.6,38.2,131.3,850.3,16.7,0.487,0.603,76.9,Tabor Oak,62,9.16,0,,27.9,173.6,0,healthy,<b>Region: Upper Galilee</b><br>Health: healthy<br>Drought risk: No<br>Annual Rainfall (mm): 850.3<br>Mean Temperature (°C): 16.7<br>Carbon Stock (t/ha): 173.6
UPP_041,Upper Galilee,33.0324,35.339,796.4,35.9,139.1,995.8,16.8,0.496,0.676,71.7,Aleppo Pine,65,10.7,0,,26.0,190.6,0,healthy,<b>Region: Upper Galilee</b><br>Health: healthy<br>Drought risk: No<br>Annual Rainfall (mm): 995.8<br>Mean Temperature (°C): 16.8<br>Carbon Stock (t/ha): 190.6
UPP_042,Upper Galilee,33.0795,35.3586,840.1,13.2,203.2,906.0,14.6,0.506,0.621,73.5,Aleppo Pine,51,4.06,0,,20.3,157.5,0,healthy,<b>Region: Upper Galilee</b><br>Health: healthy<br>Drought risk: No<br>Annual Rainfall (mm): 906.0<br>Mean Temperature (°C): 14.6<br>Carbon Stock (t/ha): 157.5
UPP_043,Upper Galilee,33.1678,35.5408,615.4,33.2,69.0,855.3,17.0,0.46,0.65,74.9,Tabor Oak,62,3.13,0,,24.7,187.0,0,healthy,<b>Region: Upper Galilee</b><br>Health: healthy<br>Drought risk: No<br>Annual Rainfall (mm): 855.3<br>Mean Temperature (°C): 17.0<br>Carbon Stock (t/ha): 187.0
UPP_044,Upper Galilee,32.9583,35.3638,728.4,26.4,76.2,858.1,17.8,0.463,0.677,76.4,Palestine Oak,55,10.68,0,,27.0,192.0,0,moderate_stress,<b>Region: Upper Galilee</b><br>Health: moderate_stress<br>Drought risk: No<br>Annual Rainfall (mm): 858.1<br>Mean Temperature (°C): 17.8<br>Carbon Stock (t/ha): 192.0
UPP_045,Upper Galilee,33.0798,35.4654,595.2,26.1,174.5,743.7,15.4,0.43,0.541,78.5,Aleppo Pine,42,8.23,0,,26.2,123.3,0,moderate_stress,<b>Region: Upper Galilee</b><br>Health: moderate_stress<br>Drought risk: No<br>Annual Rainfall (mm): 743.7<br>Mean Temperature (°C): 15.4<br>Carbon Stock (t/ha): 123.3
UPP_046,Upper Galilee,33.1352,35.5447,526.2,20.5,271.5,836.5,17.0,0.461,0.596,66.4,Tabor Oak,59,4.42,0,,23.5,181.5,1,severe_stress,<b>Region: Upper Galilee</b><br>Health: severe_stress<br>Drought risk: Yes<br>Annual Rainfall (mm): 836.5<br>Mean Temperature (°C): 17.0<br>Carbon Stock (t/ha): 181.5
UPP_047,Upper Galilee,33.2794,35.3936,689.2,24.0,223.0,702.9,17.6,0.421,0.606,80.4,Palestine Oak,74,9.17,0,,32.1,186.9,1,severe_stress,<b>Region: Upper Galilee</b><br>Health: severe_stress<br>Drought risk: Yes<br>Annual Rainfall (mm): 702.9<br>Mean Temperature (°C): 17.6<br>Carbon Stock (t/ha): 186.9
UPP_048,Upper Galilee,33.001,35.3044,681.5,20.7,107.0,942.0,17.2,0.476,0.666,75.3,Aleppo Pine,42,9.97,0,,27.0,184.5,0,moderate_stress,<b>Region: Upper Galilee</b><br>Health: moderate_stress<br>Drought risk: No<br>Annual Rainfall (mm): 942.0<br>Mean Temperature (°C): 17.2<br>Carbon Stock (t/ha): 184.5
UPP_049,Upper Galilee,33.0437,35.361,997.7,25.3,154.9,653.3,17.3,0.401,0.606,73.6,Palestine Oak,42,7.76,0,,29.8,170.0,1,severe_stress,<b>Region: Upper Galilee</b><br>Health: severe_stress<br>Drought risk: Yes<br>Annual Rainfall (mm): 653.3<br>Mean Temperature (°C): 17.3<br>Carbon Stock (t/ha): 170.0
UPP_050,Upper Galilee,33.0517,35.5077,723.2,28.1,61.4,926.9,16.2,0.495,0.653,77.5,Palestine Oak,40,8.57,0,,29.9,200.0,0,moderate_stress,<b>Region: Upper Galilee</b><br>Health: moderate_stress<br>Drought risk: No<br>Annual Rainfall (mm): 926.9<br>Mean Temperature (°C): 16.2<br>Carbon Stock (t/ha): 200.0
LOW_001,Lower Galilee,32.7405,35.4292,477.9,10.7,224.9,627.9,19.6,0.341,0.537,64.1,Aleppo Pine,80,4.71,0,,31.3,138.3,0,healthy,<b>Region: Lower Galilee</b><br>Health: healthy<br>Drought risk: No<br>Annual Rainfall (mm): 627.9<br>Mean Temperature (°C): 19.6<br>Carbon Stock (t/ha): 138.3
LOW_002,Lower Galilee,32.7984,35.3077,205.7,5.4,25.8,515.1,18.7,0.325,0.444,57.8,Tabor Oak,62,4.71,0,,22.6,137.0,0,healthy,<b>Region: Lower Galilee</b><br>Health: healthy<br>Drought risk: No<br>Annual Rainfall (mm): 515.1<br>Mean Temperature (°C): 18.7<br>Carbon Stock (t/ha): 137.0
LOW_003,Lower Galilee,32.6525,35.2797,343.1,20.8,245.7,551.9,20.0,0.323,0.545,72.1,Carob,53,3.27,1,2025.0,39.5,120.4,0,healthy,<b>Region: Lower Galilee</b><br>Health: healthy<br>Drought risk: No<br>Annual Rainfall (mm): 551.9<br>Mean Temperature (°C): 20.0<br>Carbon Stock (t/ha): 120.4
LOW_004,Lower Galilee,32.809,35.3455,406.3,23.8,87.1,479.8,19.4,0.335,0.49,70.4,Tabor Oak,68,5.86,2,2020.0,37.2,139.9,0,moderate_stress,<b>Region: Lower Galilee</b><br>Health: moderate_stress<br>Drought risk: No<br>Annual Rainfall (mm): 479.8<br>Mean Temperature (°C): 19.4<br>Carbon Stock (t/ha): 139.9
LOW_005,Lower Galilee,32.8783,35.2928,416.8,4.6,257.0,552.3,18.5,0.319,0.528,77.8,Aleppo Pine,63,1.02,1,2018.0,36.0,147.0,0,healthy,<b>Region: Lower Galilee</b><br>Health: healthy<br>Drought risk: No<br>Annual Rainfall (mm): 552.3<br>Mean Temperature (°C): 18.5<br>Carbon Stock (t/ha): 147.0
LOW_006,Lower Galilee,32.8031,35.3503,407.8,24.0,296.1,565.3,20.2,0.332,0.453,55.3,Carob,31,0.4,4,2021.0,42.7,108.9,1,severe_stress,<b>Region: Lower Galilee</b><br>Health: severe_stress<br>Drought risk: Yes<br>Annual Rainfall (mm): 565.3<br>Mean Temperature (°C): 20.2<br>Carbon Stock (t/ha): 108.9
LOW_007,Lower Galilee,32.8684,35.3764,240.3,14.5,289.4,581.4,20.3,0.317,0.431,66.6,Carob,59,4.69,2,2022.0,35.2,122.1,0,moderate_stress,<b>Region: Lower Galilee</b><br>Health: moderate_stress<br>Drought risk: No<br>Annual Rainfall (mm): 581.4<br>Mean Temperature (°C): 20.3<br>Carbon Stock (t/ha): 122.1
LOW_008,Lower Galilee,32.831,35.3721,289.8,9.6,198.9,582.0,21.8,0.323,0.538,66.8,Aleppo Pine,58,4.9,2,2020.0,37.9,125.5,1,severe_stress,<b>Region: Lower Galilee</b><br>Health: severe_stress<br>Drought risk: Yes<br>Annual Rainfall (mm): 582.0<br>Mean Temperature (°C): 21.8<br>Carbon Stock (t/ha): 125.5
LOW_009,Lower Galilee,32.6801,35.2936,307.6,4.7,187.3,615.2,19.6,0.31,0.52,66.4,Tabor Oak,50,0.99,0,,36.1,141.1,0,healthy,<b>Region: Lower Galilee</b><br>Health: healthy<br>Drought risk: No<br>Annual Rainfall (mm): 615.2<br>Mean Temperature (°C): 19.6<br>Carbon Stock (t/ha): 141.1
LOW_010,Lower Galilee,32.8756,35.2417,441.3,14.0,51.4,493.0,20.3,0.218,0.436,65.0,Tabor Oak,78,1.81,2,2020.0,38.5,137.9,1,severe_stress,<b>Region: Lower Galilee</b><br>Health: severe_stress<br>Drought risk: Yes<br>Annual Rainfall (mm): 493.0<br>Mean Temperature (°C): 20.3<br>Carbon Stock (t/ha): 137.9
LOW_011,Lower Galilee,32.6666,35.3076,283.6,20.5,279.1,495.7,19.3,0.304,0.451,65.8,Carob,45,0.4,1,2019.0,33.0,109.1,0,healthy,<b>Region: Lower Galilee</b><br>Health: healthy<br>Drought risk: No<br>Annual Rainfall (mm): 495.7<br>Mean Temperature (°C): 19.3<br>Carbon Stock (t/ha): 109.1
LOW_012,Lower Galilee,32.7835,35.2356,263.2,18.6,97.7,596.4,20.9,0.371,0.561,73.2,Aleppo Pine,68,1.97,1,2022.0,32.8,140.7,0,healthy,<b>Region: Lower Galilee</b><br>Health: healthy<br>Drought risk: No<br>Annual Rainfall (mm): 596.4<br>Mean Temperature (°C): 20.9<br>Carbon Stock (t/ha): 140.7
LOW_013,Lower Galilee,32.6855,35.4225,487.2,4.1,178.8,468.1,19.9,0.333,0.438,53.1,Carob,57,4.71,3,2015.0,39.0,84.2,0,moderate_stress,<b>Region: Lower Galilee</b><br>Health: moderate_stress<br>Drought risk: No<br>Annual Rainfall (mm): 468.1<br>Mean Temperature (°C): 19.9<br>Carbon Stock (t/ha): 84.2
LOW_014,Lower Galilee,32.6529,35.2865,202.7,4.6,102.3,579.2,18.8,0.361,0.581,63.8,Aleppo Pine,61,3.25,3,2025.0,39.3,137.6,0,healthy,<b>Region: Lower Galilee</b><br>Health: healthy<br>Drought risk: No<br>Annual Rainfall (mm): 579.2<br>Mean Temperature (°C): 18.8<br>Carbon Stock (t/ha): 137.6
LOW_015,Lower Galilee,32.7555,35.2386,499.3,11.9,48.2,511.0,20.0,0.352,0.458,74.9,Tabor Oak,67,2.28,0,,29.1,142.0,0,healthy,<b>Region: Lower Galilee</b><br>Health: healthy<br>Drought risk: No<br>Annual Rainfall (mm): 511.0<br>Mean Temperature (°C): 20.0<br>Carbon Stock (t/ha): 142.0
LOW_016,Lower Galilee,32.7238,35.2064,403.0,9.5,226.6,648.6,20.4,0.337,0.539,66.7,Aleppo Pine,36,2.42,0,,28.8,129.4,0,moderate_stress,<b>Region: Lower Galilee</b><br>Health: moderate_stress<br>Drought risk: No<br>Annual Rainfall (mm): 648.6<br>Mean Temperature (°C): 20.4<br>Carbon Stock (t/ha): 129.4
LOW_017,Lower Galilee,32.7715,35.3615,448.5,8.1,19.6,582.5,20.3,0.328,0.488,67.7,Tabor Oak,63,0.31,1,2024.0,44.6,146.2,0,healthy,<b>Region: Lower Galilee</b><br>Health: healthy<br>Drought risk: No<br>Annual Rainfall (mm): 582.5<br>Mean Temperature (°C): 20.3<br>Carbon Stock (t/ha): 146.2
LOW_018,Lower Galilee,32.7943,35.3592,288.4,9.2,269.5,559.0,21.0,0.291,0.522,75.1,Aleppo Pine,101,2.01,0,,25.8,151.6,1,moderate_stress,<b>Region: Lower Galilee</b><br>Health: moderate_stress<br>Drought risk: Yes<br>Annual Rainfall (mm): 559.0<br>Mean Temperature (°C): 21.0<br>Carbon Stock (t/ha): 151.6
LOW_019,Lower Galilee,32.6609,35.2852,204.3,20.7,114.3,631.4,18.6,0.328,0.483,69.2,Carob,31,3.98,1,2016.0,35.7,108.5,0,moderate_stress,<b>Region: Lower Galilee</b><br>Health: moderate_stress<br>Drought risk: No<br>Annual Rainfall (mm): 631.4<br>Mean Temperature (°C): 18.6<br>Carbon Stock (t/ha): 108.5
LOW_020,Lower Galilee,32.6808,35.2179,421.4,23.4,0.0,516.8,19.2,0.335,0.49,69.0,Tabor Oak,58,5.85,0,,37.2,129.8,0,healthy,<b>Region: Lower Galilee</b><br>Health: healthy<br>Drought risk: No<br>Annual Rainfall (mm): 516.8<br>Mean Temperature (°C): 19.2<br>Carbon Stock (t/ha): 129.8
LOW_021,Lower Galilee,32.7897,35.3024,450.2,11.9,184.0,526.3,20.6,0.35,0.502,72.5,Carob,80,5.13,2,2015.0,21.0,120.4,1,severe_stress,<b>Region: Lower Galilee</b><br>Health: severe_stress<br>Drought risk: Yes<br>Annual Rainfall (mm): 526.3<br>Mean Temperature (°C): 20.6<br>Carbon Stock (t/ha): 120.4
LOW_022,Lower Galilee,32.7358,35.2778,422.1,22.9,16.9,506.9,19.3,0.306,0.447,45.5,Carob,65,0.43,1,2025.0,37.5,114.1,0,healthy,<b>Region: Lower Galilee</b><br>Health: healthy<br>Drought risk: No<br>Annual Rainfall (mm): 506.9<br>Mean Temperature (°C): 19.3<br>Carbon Stock (t/ha): 114.1
LOW_023,Lower Galilee,32.8323,35.3693,242.9,10.1,99.4,526.7,20.2,0.294,0.525,62.6,Tabor Oak,72,5.42,2,2024.0,36.6,145.9,1,severe_stress,<b>Region: Lower Galilee</b><br>Health: severe_stress<br>Drought risk: Yes<br>Annual Rainfall (mm): 526.7<br>Mean Temperature (°C): 20.2<br>Carbon Stock (t/ha): 145.9
LOW_024,Lower Galilee,32.8131,35.3514,426.0,13.5,254.5,573.1,17.6,0.333,0.479,68.4,Tabor Oak,17,4.76,2,2020.0,34.6,131.5,0,moderate_stress,<b>Region: Lower Galilee</b><br>Health: moderate_stress<br>Drought risk: No<br>Annual Rainfall (mm): 573.1<br>Mean Temperature (°C): 17.6<br>Carbon Stock (t/ha): 131.5
LOW_025,Lower Galilee,32.8614,35.2911,430.7,8.0,22.6,594.7,22.7,0.332,0.494,76.8,Carob,70,4.75,0,,33.8,121.6,0,moderate_stress,<b>Region: Lower Galilee</b><br>Health: moderate_stress<br>Drought risk: No<br>Annual Rainfall (mm): 594.7<br>Mean Temperature (°C): 22.7<br>Carbon Stock (t/ha): 121.6
LOW_026,Lower Galilee,32.8231,35.2545,397.6,17.1,302.2,618.1,19.7,0.28,0.454,64.4,Carob,46,2.91,0,,37.6,103.7,0,healthy,<b>Region: Lower Galilee</b><br>Health: healthy<br>Drought risk: No<br>Annual Rainfall (mm): 618.1<br>Mean Temperature (°C): 19.7<br>Carbon Stock (t/ha): 103.7
LOW_027,Lower Galilee,32.7575,35.447,429.8,24.5,1.4,478.8,21.2,0.215,0.36,51.0,Carob,65,2.57,3,2018.0,45.7,94.0,1,severe_stress,<b>Region: Lower Galilee</b><br>Health: severe_stress<br>Drought risk: Yes<br>Annual Rainfall (mm): 478.8<br>Mean Temperature (°C): 21.2<br>Carbon Stock (t/ha): 94.0
LOW_028,Lower Galilee,32.8182,35.3135,453.8,16.3,88.9,561.4,19.7,0.301,0.488,58.5,Carob,59,2.03,1,2018.0,35.3,108.4,1,severe_stress,<b>Region: Lower Galilee</b><br>Health: severe_stress<br>Drought risk: Yes<br>Annual Rainfall (mm): 561.4<br>Mean Temperature (°C): 19.7<br>Carbon Stock (t/ha): 108.4
LOW_029,Lower Galilee,32.7188,35.3721,384.1,10.9,266.7,514.6,20.4,0.264,0.595,76.9,Tabor Oak,101,0.67,2,2023.0,38.3,159.2,1,severe_stress,<b>Region: Lower Galilee</b><br>Health: severe_stress<br>Drought risk: Yes<br>Annual Rainfall (mm): 514.6<br>Mean Temperature (°C): 20.4<br>Carbon Stock (t/ha): 159.2
LOW_030,Lower Galilee,32.7266,35.2351,226.6,17.3,113.9,559.7,21.5,0.293,0.53,65.4,Tabor Oak,69,1.6,1,2025.0,48.4,151.5,0,moderate_stress,<b>Region: Lower Galilee</b><br>Health: moderate_stress<br>Drought risk: No<br>Annual Rainfall (mm): 559.7<br>Mean Temperature (°C): 21.5<br>Carbon Stock (t/ha): 151.5
LOW_031,Lower Galilee,32.8472,35.3214,346.3,5.7,36.7,686.7,21.2,0.332,0.513,67.4,Carob,57,1.71,2,2019.0,39.1,118.9,1,moderate_stress,<b>Region: Lower Galilee</b><br>Health: moderate_stress<br>Drought risk: Yes<br>Annual Rainfall (mm): 686.7<br>Mean Temperature (°C): 21.2<br>Carbon Stock (t/ha): 118.9
LOW_032,Lower Galilee,32.7616,35.2069,223.3,22.6,129.7,584.6,19.8,0.308,0.488,70.2,Aleppo Pine,32,3.06,0,,44.7,112.4,0,healthy,<b>Region: Lower Galilee</b><br>Health: healthy<br>Drought risk: No<br>Annual Rainfall (mm): 584.6<br>Mean Temperature (°C): 19.8<br>Carbon Stock (t/ha): 112.4
LOW_033,Lower Galilee,32.8496,35.3264,322.3,14.1,97.3,615.0,19.9,0.381,0.515,43.7,Aleppo Pine,62,4.56,0,,37.3,127.4,0,moderate_stress,<b>Region: Lower Galilee</b><br>Health: moderate_stress<br>Drought risk: No<br>Annual Rainfall (mm): 615.0<br>Mean Temperature (°C): 19.9<br>Carbon Stock (t/ha): 127.4
LOW_034,Lower Galilee,32.8556,35.441,322.1,12.9,303.4,668.0,21.0,0.346,0.538,84.6,Tabor Oak,74,3.0,2,2015.0,32.3,168.1,0,moderate_stress,<b>Region: Lower Galilee</b><br>Health: moderate_stress<br>Drought risk: No<br>Annual Rainfall (mm): 668.0<br>Mean Temperature (°C): 21.0<br>Carbon Stock (t/ha): 168.1
LOW_035,Lower Galilee,32.8644,35.2961,219.8,15.9,112.8,626.4,22.3,0.33,0.454,58.1,Carob,58,0.63,4,2015.0,43.5,115.6,1,severe_stress,<b>Region: Lower Galilee</b><br>Health: severe_stress<br>Drought risk: Yes<br>Annual Rainfall (mm): 626.4<br>Mean Temperature (°C): 22.3<br>Carbon Stock (t/ha): 115.6
JUD_001,Judean Hills,31.7314,35.1493,492.5,28.8,353.4,473.2,18.7,0.321,0.385,46.6,Aleppo Pine,87,0.56,1,2020.0,36.3,123.8,0,moderate_stress,<b>Region: Judean Hills</b><br>Health: moderate_stress<br>Drought risk: No<br>Annual Rainfall (mm): 473.2<br>Mean Temperature (°C): 18.7<br>Carbon Stock (t/ha): 123.8
JUD_002,Judean Hills,31.6624,34.9958,672.1,24.4,162.2,548.3,18.6,0.256,0.445,58.8,Kermes Oak,75,0.86,0,,33.1,129.0,0,healthy,<b>Region: Judean Hills</b><br>Health: healthy<br>Drought risk: No<br>Annual Rainfall (mm): 548.3<br>Mean Temperature (°C): 18.6<br>Carbon Stock (t/ha): 129.0
JUD_003,Judean Hills,31.6005,35.0594,653.8,20.3,184.8,481.1,18.6,0.241,0.5,62.5,Carob,67,1.9,1,2015.0,38.2,123.3,1,severe_stress,<b>Region: Judean Hills</b><br>Health: severe_stress<br>Drought risk: Yes<br>Annual Rainfall (mm): 481.1<br>Mean Temperature (°C): 18.6<br>Carbon Stock (t/ha): 123.3
JUD_004,Judean Hills,31.6435,35.0841,491.4,26.4,356.1,561.3,19.1,0.241,0.491,63.1,Carob,68,0.57,2,2015.0,60.1,125.2,0,moderate_stress,<b>Region: Judean Hills</b><br>Health: moderate_stress<br>Drought risk: No<br>Annual Rainfall (mm): 561.3<br>Mean Temperature (°C): 19.1<br>Carbon Stock (t/ha): 125.2
JUD_005,Judean Hills,31.6293,35.0902,524.2,21.8,83.4,514.9,17.9,0.271,0.392,57.8,Kermes Oak,60,0.58,2,2015.0,25.3,93.3,1,moderate_stress,<b>Region: Judean Hills</b><br>Health: moderate_stress<br>Drought risk: Yes<br>Annual Rainfall (mm): 514.9<br>Mean Temperature (°C): 17.9<br>Carbon Stock (t/ha): 93.3
JUD_006,Judean Hills,31.7123,34.9908,558.9,15.2,339.3,540.2,19.1,0.265,0.479,63.9,Kermes Oak,70,4.62,4,2022.0,51.8,94.9,1,severe_stress,<b>Region: Judean Hills</b><br>Health: severe_stress<br>Drought risk: Yes<br>Annual Rainfall (mm): 540.2<br>Mean Temperature (°C): 19.1<br>Carbon Stock (t/ha): 94.9
JUD_007,Judean Hills,31.7531,35.0808,508.4,27.1,15.4,499.9,19.7,0.236,0.467,67.2,Carob,14,3.68,0,,33.3,107.5,0,healthy,<b>Region: Judean Hills</b><br>Health: healthy<br>Drought risk: No<br>Annual Rainfall (mm): 499.9<br>Mean Temperature (°C): 19.7<br>Carbon Stock (t/ha): 107.5
JUD_008,Judean Hills,31.6533,35.1137,535.3,10.5,160.7,557.2,17.1,0.358,0.483,71.7,Carob,54,1.89,1,2022.0,31.3,124.6,0,healthy,<b>Region: Judean Hills</b><br>Health: healthy<br>Drought risk: No<br>Annual Rainfall (mm): 557.2<br>Mean Temperature (°C): 17.1<br>Carbon Stock (t/ha): 124.6
JUD_009,Judean Hills,31.8348,34.96,543.7,22.9,25.2,448.1,17.7,0.289,0.445,56.5,Aleppo Pine,64,1.1,1,2016.0,32.2,131.8,0,healthy,<b>Region: Judean Hills</b><br>Health: healthy<br>Drought risk: No<br>Annual Rainfall (mm): 448.1<br>Mean Temperature (°C): 17.7<br>Carbon Stock (t/ha): 131.8
JUD_010,Judean Hills,31.6017,35.1323,567.5,27.0,262.5,505.1,17.8,0.297,0.483,54.6,Aleppo Pine,39,2.8,1,2025.0,30.4,107.3,0,healthy,<b>Region: Judean Hills</b><br>Health: healthy<br>Drought risk: No<br>Annual Rainfall (mm): 505.1<br>Mean Temperature (°C): 17.8<br>Carbon Stock (t/ha): 107.3
JUD_011,Judean Hills,31.7931,34.9559,712.3,23.3,219.0,482.2,17.4,0.33,0.487,55.8,Carob,66,0.52,2,2021.0,31.7,105.7,0,healthy,<b>Region: Judean Hills</b><br>Health: healthy<br>Drought risk: No<br>Annual Rainfall (mm): 482.2<br>Mean Temperature (°C): 17.4<br>Carbon Stock (t/ha): 105.7
JUD_012,Judean Hills,31.7563,35.0212,650.2,22.4,254.4,562.8,18.0,0.303,0.431,58.3,Aleppo Pine,56,4.72,1,2022.0,33.0,106.4,1,moderate_stress,<b>Region: Judean Hills</b><br>Health: moderate_stress<br>Drought risk: Yes<br>Annual Rainfall (mm): 562.8<br>Mean Temperature (°C): 18.0<br>Carbon Stock (t/ha): 106.4
JUD_013,Judean Hills,31.6934,34.9532,795.2,23.8,134.8,567.5,19.5,0.266,0.475,61.6,Carob,91,2.37,0,,25.7,125.5,0,moderate_stress,<b>Region: Judean Hills</b><br>Health: moderate_stress<br>Drought risk: No<br>Annual Rainfall (mm): 567.5<br>Mean Temperature (°C): 19.5<br>Carbon Stock (t/ha): 125.5
JUD_014,Judean Hills,31.6126,34.9654,595.2,16.6,133.0,500.0,19.9,0.222,0.433,55.5,Carob,88,2.31,0,,36.8,129.5,1,severe_stress,<b>Region: Judean Hills</b><br>Health: severe_stress<br>Drought risk: Yes<br>Annual Rainfall (mm): 500.0<br>Mean Temperature (°C): 19.9<br>Carbon Stock (t/ha): 129.5
JUD_015,Judean Hills,31.7569,35.1322,713.9,26.9,16.3,441.9,18.6,0.244,0.372,47.6,Aleppo Pine,51,2.26,1,2024.0,31.5,99.7,1,severe_stress,<b>Region: Judean Hills</b><br>Health: severe_stress<br>Drought risk: Yes<br>Annual Rainfall (mm): 441.9<br>Mean Temperature (°C): 18.6<br>Carbon Stock (t/ha): 99.7
JUD_016,Judean Hills,31.6964,35.021,755.0,10.1,126.0,519.2,18.2,0.331,0.434,58.3,Aleppo Pine,57,0.81,2,2025.0,27.9,123.3,0,healthy,<b>Region: Judean Hills</b><br>Health: healthy<br>Drought risk: No<br>Annual Rainfall (mm): 519.2<br>Mean Temperature (°C): 18.2<br>Carbon Stock (t/ha): 123.3
JUD_017,Judean Hills,31.8341,35.035,687.6,8.2,334.5,425.1,19.3,0.223,0.364,58.9,Kermes Oak,58,3.37,1,2021.0,30.9,90.5,1,severe_stress,<b>Region: Judean Hills</b><br>Health: severe_stress<br>Drought risk: Yes<br>Annual Rainfall (mm): 425.1<br>Mean Temperature (°C): 19.3<br>Carbon Stock (t/ha): 90.5
JUD_018,Judean Hills,31.7355,34.9931,594.2,12.1,136.5,573.2,16.1,0.317,0.507,70.8,Kermes Oak,51,3.8,1,2019.0,35.6,113.7,0,healthy,<b>Region: Judean Hills</b><br>Health: healthy<br>Drought risk: No<br>Annual Rainfall (mm): 573.2<br>Mean Temperature (°C): 16.1<br>Carbon Stock (t/ha): 113.7
JUD_019,Judean Hills,31.8349,35.0694,713.8,18.3,299.3,478.7,17.4,0.312,0.469,58.8,Kermes Oak,63,3.54,1,2015.0,27.9,91.6,0,moderate_stress,<b>Region: Judean Hills</b><br>Health: moderate_stress<br>Drought risk: No<br>Annual Rainfall (mm): 478.7<br>Mean Temperature (°C): 17.4<br>Carbon Stock (t/ha): 91.6
JUD_020,Judean Hills,31.6551,35.069,521.3,17.8,303.2,498.6,16.2,0.3,0.437,58.5,Carob,46,1.12,1,2023.0,31.1,103.5,0,moderate_stress,<b>Region: Judean Hills</b><br>Health: moderate_stress<br>Drought risk: No<br>Annual Rainfall (mm): 498.6<br>Mean Temperature (°C): 16.2<br>Carbon Stock (t/ha): 103.5
JUD_021,Judean Hills,31.7814,35.0244,564.6,25.5,134.4,469.4,17.4,0.291,0.513,57.9,Aleppo Pine,39,3.1,0,,25.9,86.4,0,moderate_stress,<b>Region: Judean Hills</b><br>Health: moderate_stress<br>Drought risk: No<br>Annual Rainfall (mm): 469.4<br>Mean Temperature (°C): 17.4<br>Carbon Stock (t/ha): 86.4
JUD_022,Judean Hills,31.7543,35.0166,641.3,15.1,227.5,459.4,17.7,0.295,0.451,61.9,Carob,71,3.06,0,,32.1,111.4,0,moderate_stress,<b>Region: Judean Hills</b><br>Health: moderate_stress<br>Drought risk: No<br>Annual Rainfall (mm): 459.4<br>Mean Temperature (°C): 17.7<br>Carbon Stock (t/ha): 111.4
JUD_023,Judean Hills,31.7849,35.127,651.4,17.1,34.3,533.2,20.0,0.291,0.391,53.1,Aleppo Pine,71,4.41,0,,33.6,109.1,0,healthy,<b>Region: Judean Hills</b><br>Health: healthy<br>Drought risk: No<br>Annual Rainfall (mm): 533.2<br>Mean Temperature (°C): 20.0<br>Carbon Stock (t/ha): 109.1
JUD_024,Judean Hills,31.6537,35.0267,457.7,5.3,37.3,492.9,15.7,0.341,0.439,66.4,Carob,45,2.21,1,2016.0,35.7,116.2,0,healthy,<b>Region: Judean Hills</b><br>Health: healthy<br>Drought risk: No<br>Annual Rainfall (mm): 492.9<br>Mean Temperature (°C): 15.7<br>Carbon Stock (t/ha): 116.2
JUD_025,Judean Hills,31.7662,35.0487,780.8,15.2,17.5,501.9,18.1,0.251,0.519,51.7,Kermes Oak,76,2.17,3,2015.0,38.1,112.5,0,moderate_stress,<b>Region: Judean Hills</b><br>Health: moderate_stress<br>Drought risk: No<br>Annual Rainfall (mm): 501.9<br>Mean Temperature (°C): 18.1<br>Carbon Stock (t/ha): 112.5
JUD_026,Judean Hills,31.7245,35.0067,693.8,21.2,209.2,454.8,19.1,0.275,0.415,57.4,Kermes Oak,48,3.28,1,2021.0,37.1,97.9,1,severe_stress,<b>Region: Judean Hills</b><br>Health: severe_stress<br>Drought risk: Yes<br>Annual Rainfall (mm): 454.8<br>Mean Temperature (°C): 19.1<br>Carbon Stock (t/ha): 97.9
JUD_027,Judean Hills,31.7857,35.1074,623.5,5.4,153.4,538.5,18.9,0.231,0.459,65.7,Kermes Oak,64,3.35,0,,31.3,126.5,0,healthy,<b>Region: Judean Hills</b><br>Health: healthy<br>Drought risk: No<br>Annual Rainfall (mm): 538.5<br>Mean Temperature (°C): 18.9<br>Carbon Stock (t/ha): 126.5
JUD_028,Judean Hills,31.6818,35.0295,776.6,12.0,197.3,543.1,20.0,0.219,0.479,65.8,Carob,74,2.61,0,,40.5,113.4,1,severe_stress,<b>Region: Judean Hills</b><br>Health: severe_stress<br>Drought risk: Yes<br>Annual Rainfall (mm): 543.1<br>Mean Temperature (°C): 20.0<br>Carbon Stock (t/ha): 113.4
JUD_029,Judean Hills,31.8225,35.0527,603.7,10.2,187.6,490.6,18.7,0.275,0.475,85.2,Aleppo Pine,59,2.49,3,2025.0,37.6,140.4,1,severe_stress,<b>Region: Judean Hills</b><br>Health: severe_stress<br>Drought risk: Yes<br>Annual Rainfall (mm): 490.6<br>Mean Temperature (°C): 18.7<br>Carbon Stock (t/ha): 140.4
JUD_030,Judean Hills,31.6211,35.0007,793.2,6.0,126.1,557.1,18.9,0.306,0.57,71.9,Aleppo Pine,68,2.72,1,2019.0,38.0,148.8,0,moderate_stress,<b>Region: Judean Hills</b><br>Health: moderate_stress<br>Drought risk: No<br>Annual Rainfall (mm): 557.1<br>Mean Temperature (°C): 18.9<br>Carbon Stock (t/ha): 148.8
JUD_031,Judean Hills,31.8018,35.1475,629.3,17.0,243.9,495.3,16.7,0.337,0.405,52.2,Kermes Oak,50,4.37,0,,23.1,95.0,0,healthy,<b>Region: Judean Hills</b><br>Health: healthy<br>Drought risk: No<br>Annual Rainfall (mm): 495.3<br>Mean Temperature (°C): 16.7<br>Carbon Stock (t/ha): 95.0
JUD_032,Judean Hills,31.8153,35.0083,490.0,9.5,273.1,535.1,17.5,0.365,0.418,60.5,Kermes Oak,56,2.58,1,2021.0,27.8,113.7,0,healthy,<b>Region: Judean Hills</b><br>Health: healthy<br>Drought risk: No<br>Annual Rainfall (mm): 535.1<br>Mean Temperature (°C): 17.5<br>Carbon Stock (t/ha): 113.7
JUD_033,Judean Hills,31.8043,35.1041,717.7,23.6,5.3,427.0,16.7,0.314,0.396,44.8,Kermes Oak,56,4.73,0,,25.3,81.4,0,healthy,<b>Region: Judean Hills</b><br>Health: healthy<br>Drought risk: No<br>Annual Rainfall (mm): 427.0<br>Mean Temperature (°C): 16.7<br>Carbon Stock (t/ha): 81.4
JUD_034,Judean Hills,31.7282,35.0355,687.6,26.2,74.6,515.9,19.1,0.302,0.442,61.6,Kermes Oak,46,2.77,0,,32.7,93.5,0,moderate_stress,<b>Region: Judean Hills</b><br>Health: moderate_stress<br>Drought risk: No<br>Annual Rainfall (mm): 515.9<br>Mean Temperature (°C): 19.1<br>Carbon Stock (t/ha): 93.5
JUD_035,Judean Hills,31.7096,34.9912,720.5,18.6,256.8,487.8,18.8,0.281,0.498,58.1,Aleppo Pine,56,4.77,3,2017.0,38.9,108.7,1,severe_stress,<b>Region: Judean Hills</b><br>Health: severe_stress<br>Drought risk: Yes<br>Annual Rainfall (mm): 487.8<br>Mean Temperature (°C): 18.8<br>Carbon Stock (t/ha): 108.7
YAT_001,Yatir Edge,31.3445,35.0127,528.5,4.4,333.5,262.7,21.9,0.204,0.363,65.8,Atlantic Pistachio,64,5.76,2,2023.0,38.6,73.6,0,moderate_stress,<b>Region: Yatir Edge</b><br>Health: moderate_stress<br>Drought risk: No<br>Annual Rainfall (mm): 262.7<br>Mean Temperature (°C): 21.9<br>Carbon Stock (t/ha): 73.6
YAT_002,Yatir Edge,31.4407,35.07,477.1,10.1,151.1,271.1,21.4,0.163,0.26,47.4,Aleppo Pine,59,8.08,1,2018.0,42.7,65.8,0,moderate_stress,<b>Region: Yatir Edge</b><br>Health: moderate_stress<br>Drought risk: No<br>Annual Rainfall (mm): 271.1<br>Mean Temperature (°C): 21.4<br>Carbon Stock (t/ha): 65.8
YAT_003,Yatir Edge,31.4228,35.0723,543.3,4.9,18.2,293.8,20.2,0.204,0.324,44.8,Atlantic Pistachio,53,10.05,1,2022.0,34.0,71.8,0,healthy,<b>Region: Yatir Edge</b><br>Health: healthy<br>Drought risk: No<br>Annual Rainfall (mm): 293.8<br>Mean Temperature (°C): 20.2<br>Carbon Stock (t/ha): 71.8
YAT_004,Yatir Edge,31.4475,35.1261,481.3,6.0,14.2,318.3,22.4,0.198,0.259,53.7,Atlantic Pistachio,57,7.35,2,2017.0,45.5,56.9,1,severe_stress,<b>Region: Yatir Edge</b><br>Health: severe_stress<br>Drought risk: Yes<br>Annual Rainfall (mm): 318.3<br>Mean Temperature (°C): 22.4<br>Carbon Stock (t/ha): 56.9
YAT_005,Yatir Edge,31.339,35.0332,409.8,9.1,206.6,304.7,24.1,0.157,0.318,53.5,Aleppo Pine,67,7.56,2,2021.0,36.3,83.8,1,moderate_stress,<b>Region: Yatir Edge</b><br>Health: moderate_stress<br>Drought risk: Yes<br>Annual Rainfall (mm): 304.7<br>Mean Temperature (°C): 24.1<br>Carbon Stock (t/ha): 83.8
YAT_006,Yatir Edge,31.4455,35.0571,468.0,7.4,141.4,282.4,22.0,0.127,0.277,50.1,Aleppo Pine,82,6.29,0,,27.4,85.2,0,healthy,<b>Region: Yatir Edge</b><br>Health: healthy<br>Drought risk: No<br>Annual Rainfall (mm): 282.4<br>Mean Temperature (°C): 22.0<br>Carbon Stock (t/ha): 85.2
YAT_007,Yatir Edge,31.3647,35.1213,401.6,4.1,10.3,306.7,22.3,0.165,0.286,62.1,Aleppo Pine,83,9.34,6,2021.0,50.3,72.6,1,severe_stress,<b>Region: Yatir Edge</b><br>Health: severe_stress<br>Drought risk: Yes<br>Annual Rainfall (mm): 306.7<br>Mean Temperature (°C): 22.3<br>Carbon Stock (t/ha): 72.6
YAT_008,Yatir Edge,31.3521,35.1235,644.6,4.2,210.0,321.4,22.8,0.197,0.329,56.0,Aleppo Pine,73,13.06,2,2025.0,40.6,86.9,0,moderate_stress,<b>Region: Yatir Edge</b><br>Health: moderate_stress<br>Drought risk: No<br>Annual Rainfall (mm): 321.4<br>Mean Temperature (°C): 22.8<br>Carbon Stock (t/ha): 86.9
YAT_009,Yatir Edge,31.3076,35.0577,641.4,7.4,4.1,238.5,20.5,0.156,0.271,53.1,Atlantic Pistachio,37,4.62,0,,40.7,53.7,0,healthy,<b>Region: Yatir Edge</b><br>Health: healthy<br>Drought risk: No<br>Annual Rainfall (mm): 238.5<br>Mean Temperature (°C): 20.5<br>Carbon Stock (t/ha): 53.7
YAT_010,Yatir Edge,31.3079,35.0689,498.8,11.8,283.5,334.8,24.0,0.176,0.246,48.0,Aleppo Pine,53,14.15,1,2024.0,40.3,108.7,0,healthy,<b>Region: Yatir Edge</b><br>Health: healthy<br>Drought risk: No<br>Annual Rainfall (mm): 334.8<br>Mean Temperature (°C): 24.0<br>Carbon Stock (t/ha): 108.7
YAT_011,Yatir Edge,31.4038,35.0455,582.1,13.7,110.3,289.9,22.2,0.16,0.326,61.3,Atlantic Pistachio,55,10.96,0,,33.1,68.4,0,healthy,<b>Region: Yatir Edge</b><br>Health: healthy<br>Drought risk: No<br>Annual Rainfall (mm): 289.9<br>Mean Temperature (°C): 22.2<br>Carbon Stock (t/ha): 68.4
YAT_012,Yatir Edge,31.3687,35.1399,486.5,3.1,14.5,312.8,24.0,0.124,0.247,56.1,Aleppo Pine,48,12.7,3,2025.0,38.5,83.7,1,severe_stress,<b>Region: Yatir Edge</b><br>Health: severe_stress<br>Drought risk: Yes<br>Annual Rainfall (mm): 312.8<br>Mean Temperature (°C): 24.0<br>Carbon Stock (t/ha): 83.7
YAT_013,Yatir Edge,31.334,35.0178,567.8,7.1,211.8,335.9,21.1,0.175,0.323,61.5,Aleppo Pine,66,9.23,0,,38.1,110.1,0,healthy,<b>Region: Yatir Edge</b><br>Health: healthy<br>Drought risk: No<br>Annual Rainfall (mm): 335.9<br>Mean Temperature (°C): 21.1<br>Carbon Stock (t/ha): 110.1
YAT_014,Yatir Edge,31.3921,35.1401,601.4,3.3,143.2,258.8,24.2,0.178,0.334,50.3,Atlantic Pistachio,31,12.13,3,2016.0,38.6,57.0,1,severe_stress,<b>Region: Yatir Edge</b><br>Health: severe_stress<br>Drought risk: Yes<br>Annual Rainfall (mm): 258.8<br>Mean Temperature (°C): 24.2<br>Carbon Stock (t/ha): 57.0
YAT_015,Yatir Edge,31.3379,35.1026,636.7,2.2,350.6,278.7,22.9,0.112,0.273,61.9,Atlantic Pistachio,90,2.21,3,2025.0,54.2,73.6,0,moderate_stress,<b>Region: Yatir Edge</b><br>Health: moderate_stress<br>Drought risk: No<br>Annual Rainfall (mm): 278.7<br>Mean Temperature (°C): 22.9<br>Carbon Stock (t/ha): 73.6
YAT_016,Yatir Edge,31.3866,35.0797,500.1,10.6,195.9,291.3,22.7,0.181,0.347,70.0,Aleppo Pine,81,12.64,3,2017.0,41.9,91.5,1,severe_stress,<b>Region: Yatir Edge</b><br>Health: severe_stress<br>Drought risk: Yes<br>Annual Rainfall (mm): 291.3<br>Mean Temperature (°C): 22.7<br>Carbon Stock (t/ha): 91.5
YAT_017,Yatir Edge,31.3539,35.0049,595.8,9.8,99.1,276.5,22.3,0.144,0.312,60.1,Atlantic Pistachio,68,2.52,0,,44.5,90.3,1,severe_stress,<b>Region: Yatir Edge</b><br>Health: severe_stress<br>Drought risk: Yes<br>Annual Rainfall (mm): 276.5<br>Mean Temperature (°C): 22.3<br>Carbon Stock (t/ha): 90.3
YAT_018,Yatir Edge,31.4235,35.0713,466.5,4.1,255.4,352.0,21.7,0.207,0.281,46.1,Atlantic Pistachio,58,13.57,1,2018.0,35.3,88.6,0,moderate_stress,<b>Region: Yatir Edge</b><br>Health: moderate_stress<br>Drought risk: No<br>Annual Rainfall (mm): 352.0<br>Mean Temperature (°C): 21.7<br>Carbon Stock (t/ha): 88.6
YAT_019,Yatir Edge,31.4231,35.0612,647.6,5.0,97.7,274.3,23.4,0.186,0.354,49.0,Atlantic Pistachio,82,14.9,3,2020.0,41.0,55.7,0,moderate_stress,<b>Region: Yatir Edge</b><br>Health: moderate_stress<br>Drought risk: No<br>Annual Rainfall (mm): 274.3<br>Mean Temperature (°C): 23.4<br>Carbon Stock (t/ha): 55.7
YAT_020,Yatir Edge,31.3716,35.0242,406.4,2.3,325.5,283.3,22.2,0.172,0.251,47.4,Atlantic Pistachio,72,5.82,3,2015.0,38.8,54.8,1,severe_stress,<b>Region: Yatir Edge</b><br>Health: severe_stress<br>Drought risk: Yes<br>Annual Rainfall (mm): 283.3<br>Mean Temperature (°C): 22.2<br>Carbon Stock (t/ha): 54.8
YAT_021,Yatir Edge,31.3526,35.0985,550.9,12.9,134.9,306.1,19.6,0.189,0.287,47.9,Atlantic Pistachio,79,4.73,0,,28.5,74.2,0,healthy,<b>Region: Yatir Edge</b><br>Health: healthy<br>Drought risk: No<br>Annual Rainfall (mm): 306.1<br>Mean Temperature (°C): 19.6<br>Carbon Stock (t/ha): 74.2
YAT_022,Yatir Edge,31.3544,35.1457,564.9,14.7,198.0,263.9,20.7,0.159,0.285,51.3,Atlantic Pistachio,58,11.95,1,2015.0,35.8,57.0,0,healthy,<b>Region: Yatir Edge</b><br>Health: healthy<br>Drought risk: No<br>Annual Rainfall (mm): 263.9<br>Mean Temperature (°C): 20.7<br>Carbon Stock (t/ha): 57.0
YAT_023,Yatir Edge,31.4209,35.0843,572.0,3.8,18.2,288.1,21.8,0.145,0.318,58.8,Atlantic Pistachio,92,5.29,0,,34.5,88.7,0,healthy,<b>Region: Yatir Edge</b><br>Health: healthy<br>Drought risk: No<br>Annual Rainfall (mm): 288.1<br>Mean Temperature (°C): 21.8<br>Carbon Stock (t/ha): 88.7
YAT_024,Yatir Edge,31.3492,35.1072,430.1,5.0,153.4,309.5,22.4,0.222,0.352,58.0,Atlantic Pistachio,81,13.25,2,2022.0,34.3,71.2,0,moderate_stress,<b>Region: Yatir Edge</b><br>Health: moderate_stress<br>Drought risk: No<br>Annual Rainfall (mm): 309.5<br>Mean Temperature (°C): 22.4<br>Carbon Stock (t/ha): 71.2
YAT_025,Yatir Edge,31.3314,35.0103,634.6,13.3,299.7,290.0,21.9,0.157,0.338,56.4,Aleppo Pine,69,3.34,1,2022.0,38.1,121.6,0,healthy,<b>Region: Yatir Edge</b><br>Health: healthy<br>Drought risk: No<br>Annual Rainfall (mm): 290.0<br>Mean Temperature (°C): 21.9<br>Carbon Stock (t/ha): 121.6
